name,address,phone,hours,place_id,lat,lng,rating,business_status
Miami Kava & Coffee - Magic City,393 NE 59th St, Miami, FL 33137, USA,(305) 603-8258,Monday: 11:00 AM – 11:15 PM;Tuesday: 11:00 AM – 11:15 PM;Wednesday: 11:00 AM – 11:15 PM;Thursday: 11:00 AM – 11:15 PM;Friday: 11:00 AM – 11:15 PM;Saturday: 11:00 AM – 11:15 PM;Sunday: 11:00 AM – 11:15 PM,ChIJA5RHusex2YgR1S8fexhmbhg,25.8300486,-80.1883118,4.7,OPERATIONAL
Jax Beach Kava Bar,1372 Beach Blvd, Jacksonville Beach, FL 32250, USA,(904) 595-5786,Monday: 9:00 AM – 2:00 AM;Tuesday: 9:00 AM – 2:00 AM;Wednesday: 9:00 AM – 2:00 AM;Thursday: 9:00 AM – 2:00 AM;Friday: 9:00 AM – 2:00 AM;Saturday: 9:00 AM – 2:00 AM;Sunday: 9:00 AM – 2:00 AM,ChIJg0rOUS1J5IgRHGzKwt31X7A,30.2874805,-81.40385959999999,4.8,OPERATIONAL
Kava & Company - San Marco,1224 Kings Ave, Jacksonville, FL 32207, USA,(904) 551-3809,Monday: 9:00 AM – 12:00 AM;Tuesday: 9:00 AM – 12:00 AM;Wednesday: 9:00 AM – 2:00 AM;Thursday: 9:00 AM – 2:00 AM;Friday: 9:00 AM – 2:00 AM;Saturday: 9:00 AM – 2:00 AM;Sunday: 9:00 AM – 12:00 AM,ChIJzTVIQYi35YgRtk8weDuqL5Y,30.3131574,-81.6539969,4.9,OPERATIONAL
Kava Garden South of Fifth,100 Collins Ave, Miami Beach, FL 33139, USA,(305) 619-7697,Monday: 10:00 AM – 12:00 AM;Tuesday: 10:00 AM – 12:00 AM;Wednesday: 10:00 AM – 12:00 AM;Thursday: 10:00 AM – 12:00 AM;Friday: 10:00 AM – 1:00 AM;Saturday: 10:00 AM – 1:00 AM;Sunday: 11:00 AM – 1:00 AM,ChIJjYa9Gui12YgRdgmnznd-1Eo,25.7701127,-80.134288,4.9,OPERATIONAL
Miami Kava & Coffee - Biscayne,275 NE 18th St CU#110, Miami, FL 33132, USA,(305) 456-0018,Monday: 10:00 AM – 8:00 PM;Tuesday: 10:00 AM – 8:00 PM;Wednesday: 10:00 AM – 8:00 PM;Thursday: 10:00 AM – 8:00 PM;Friday: 10:00 AM – 8:00 PM;Saturday: 10:00 AM – 8:00 PM;Sunday: 10:00 AM – 5:00 PM,ChIJGemRAY632YgRqiKnEhf3hCc,25.7942314,-80.1892395,4.9,OPERATIONAL
Kava Kavern,6909 Biscayne Blvd, Miami, FL 33138, USA,(786) 963-0234,Monday: 8:30 AM – 2:00 AM;Tuesday: 8:30 AM – 2:00 AM;Wednesday: 8:30 AM – 2:00 AM;Thursday: 8:30 AM – 2:00 AM;Friday: 8:30 AM – 3:00 AM;Saturday: 10:00 AM – 3:00 AM;Sunday: 10:00 AM – 2:00 AM,ChIJKWPcgdGz2YgR7FNnLW2wO44,25.839089,-80.18408459999999,4.8,OPERATIONAL
Kava Villa,125 NW 23rd St, Miami, FL 33127, USA,(305) 987-8131,Monday: 11:00 AM – 1:00 AM;Tuesday: 11:00 AM – 1:00 AM;Wednesday: 11:00 AM – 2:00 AM;Thursday: 11:00 AM – 2:00 AM;Friday: 12:00 PM – 2:00 AM;Saturday: 12:00 PM – 2:00 AM;Sunday: 12:00 PM – 1:00 AM,ChIJ35keAB232YgR2EfCHpXYEb0,25.7993264,-80.19754259999999,4.7,OPERATIONAL
Elixir Kava Boutique | North Miami,2212 NE 123rd St, North Miami, FL 33181, USA,(786) 580-5197,Monday: 10:00 AM – 11:00 PM;Tuesday: 10:00 AM – 11:00 PM;Wednesday: 10:00 AM – 11:00 PM;Thursday: 10:00 AM – 11:00 PM;Friday: 10:00 AM – 11:00 PM;Saturday: 10:00 AM – 11:00 PM;Sunday: 10:00 AM – 11:00 PM,ChIJHc42fTyz2YgR1_KlYnb2l8o,25.8892557,-80.153472,5,OPERATIONAL
Syndicate Wynwood,2451 NW 5th Ave, Miami, FL 33127, USA,(561) 321-8601,Monday: 9:30 AM – 3:00 AM;Tuesday: 9:30 AM – 3:00 AM;Wednesday: 9:30 AM – 3:00 AM;Thursday: 9:30 AM – 3:00 AM;Friday: 9:30 AM – 3:00 AM;Saturday: 9:30 AM – 3:00 AM;Sunday: 9:30 AM – 3:00 AM,ChIJgcV-zbG22YgRTJGMSVDeKa0,25.80045,-80.2029767,4.6,OPERATIONAL
Purple Lotus Kava Bar,1424 Alton Rd, Miami Beach, FL 33139, USA,(561) 379-3667,Monday: 9:00 AM – 2:00 AM;Tuesday: 9:00 AM – 2:00 AM;Wednesday: 9:00 AM – 2:00 AM;Thursday: 9:00 AM – 2:00 AM;Friday: 9:00 AM – 2:00 AM;Saturday: 1:00 PM – 2:00 AM;Sunday: 1:00 PM – 2:00 AM,ChIJ2ZpmzPG02YgR0aHozAly8qM,25.786155,-80.14148449999999,4.5,OPERATIONAL
Kava Culture Kava Bar,33 E Robinson St Suite 100, Orlando, FL 32801, USA,(407) 250-5225,Monday: 7:00 AM – 2:00 AM;Tuesday: 7:00 AM – 2:00 AM;Wednesday: 7:00 AM – 2:00 AM;Thursday: 7:00 AM – 2:00 AM;Friday: 7:00 AM – 3:30 AM;Saturday: 7:00 AM – 3:30 AM;Sunday: 7:00 AM – 2:00 AM,ChIJO1zBZKB754gRzgSlt0bZU_k,28.5459555,-81.3783921,4.8,OPERATIONAL
Pacific Rootz Kava Lounge,6996 Piazza Grande Ave, Orlando, FL 32835, USA,(407) 616-9668,Monday: 6:00 PM – 2:00 AM;Tuesday: 6:00 PM – 2:00 AM;Wednesday: 6:00 PM – 2:00 AM;Thursday: 6:00 PM – 2:00 AM;Friday: 6:00 PM – 2:00 AM;Saturday: 7:00 PM – 2:00 AM;Sunday: 7:00 PM – 2:00 AM,ChIJKfQwWdt454gRr5sQhuJsxn0,28.5164327,-81.4816676,4.7,OPERATIONAL
Kava Cove Lounge,2020 W Fairbanks Ave # 100, Winter Park, FL 32789, USA,(321) 400-9024,Monday: 11:30 AM – 12:00 AM;Tuesday: 11:30 AM – 12:00 AM;Wednesday: 11:30 AM – 12:00 AM;Thursday: 11:30 AM – 2:00 AM;Friday: 11:30 AM – 2:00 AM;Saturday: 11:30 AM – 2:00 AM;Sunday: 11:30 AM – 12:00 AM,ChIJQV0LvXtw54gR7T_krNl3jwM,28.5929209,-81.3768223,4.7,OPERATIONAL
SODO KAVA,227 E Michigan St Unit B, Orlando, FL 32806, USA,(407) 203-3677,Monday: 12:00 PM – 12:00 AM;Tuesday: 12:00 PM – 12:00 AM;Wednesday: 12:00 PM – 12:00 AM;Thursday: 12:00 PM – 12:00 AM;Friday: 12:00 PM – 1:00 AM;Saturday: 12:00 PM – 1:00 AM;Sunday: 12:00 PM – 12:00 AM,ChIJE02zMkt754gRpLOVzISjIgI,28.5132306,-81.3750634,4.8,OPERATIONAL
The Muddy Root Kava Cafe,12082 Collegiate Way, Orlando, FL 32817, USA,(407) 203-4007,Monday: 10:00 AM – 12:00 AM;Tuesday: 10:00 AM – 12:00 AM;Wednesday: 10:00 AM – 12:00 AM;Thursday: 10:00 AM – 12:00 AM;Friday: 10:00 AM – 2:00 AM;Saturday: 10:00 AM – 12:00 AM;Sunday: 10:00 AM – 12:00 AM,ChIJH0G4tGxp54gRv-O2AM4rWhM,28.5965584,-81.21096949999999,4.8,OPERATIONAL
Island Vibes Kava Bar Orlando,990 N State Rd 434 #1198, Altamonte Springs, FL 32714, USA,(321) 972-8397,Monday: 9:00 AM – 12:00 AM;Tuesday: 9:00 AM – 12:00 AM;Wednesday: 9:00 AM – 12:00 AM;Thursday: 9:00 AM – 12:00 AM;Friday: 9:00 AM – 12:00 AM;Saturday: 9:00 AM – 12:00 AM;Sunday: 9:00 AM – 12:00 AM,ChIJlVxBSbBz54gRW9tTx717eHA,28.6833718,-81.4197257,4.7,OPERATIONAL
Kava Culture Kava Bar,245 Wheelhouse Ln, Lake Mary, FL 32746, USA,(321) 926-3374,Monday: 8:00 AM – 2:00 AM;Tuesday: 8:00 AM – 2:00 AM;Wednesday: 8:00 AM – 2:00 AM;Thursday: 8:00 AM – 2:00 AM;Friday: 8:00 AM – 2:00 AM;Saturday: 8:00 AM – 2:00 AM;Sunday: 8:00 AM – 2:00 AM,ChIJK8cP-TBt54gRLbOgLPAfNbY,28.7542762,-81.334671,4.9,OPERATIONAL
Kava Culture Kava Bar,1174 Tree Swallow Dr, Winter Springs, FL 32708, USA,(321) 765-4432,Monday: 8:00 AM – 2:00 AM;Tuesday: 8:00 AM – 2:00 AM;Wednesday: 8:00 AM – 2:00 AM;Thursday: 8:00 AM – 2:00 AM;Friday: 8:00 AM – 2:00 AM;Saturday: 8:00 AM – 2:00 AM;Sunday: 8:00 AM – 2:00 AM,ChIJ34l3nONt54gRO9S-aWDKh7E,28.6995142,-81.2634676,4.7,OPERATIONAL
Kavasutra kava bar,1084 Lee Rd Unit 1, Orlando, FL 32810, USA,(407) 420-0158,Monday: 8:00 AM – 2:00 AM;Tuesday: 8:00 AM – 2:00 AM;Wednesday: 8:00 AM – 2:00 AM;Thursday: 8:00 AM – 2:00 AM;Friday: 8:00 AM – 2:00 AM;Saturday: 8:00 AM – 2:00 AM;Sunday: 8:00 AM – 2:00 AM,ChIJG8bnF21x54gRA1OhBDtAoHQ,28.605469,-81.398015,4.6,OPERATIONAL
Sodo Kava Longwood,911 E State Rd 434, Longwood, FL 32750, USA,(321) 972-6101,Monday: 12:00 PM – 12:00 AM;Tuesday: 12:00 PM – 12:00 AM;Wednesday: 12:00 PM – 12:00 AM;Thursday: 12:00 PM – 12:00 AM;Friday: 12:00 PM – 12:00 AM;Saturday: 12:00 PM – 12:00 AM;Sunday: 12:00 PM – 12:00 AM,ChIJj4HarKJt54gRYs_G-oSKsJg,28.6984219,-81.3282527,5,OPERATIONAL
Z Co-Space & Clubhouse,1413 Haven Dr, Orlando, FL 32803, USA,(407) 986-8260,Monday: 9:00 AM – 12:00 AM;Tuesday: 9:00 AM – 12:00 AM;Wednesday: 9:00 AM – 12:00 AM;Thursday: 9:00 AM – 12:00 AM;Friday: 9:00 AM – 12:00 AM;Saturday: 4:00 PM – 12:00 AM;Sunday: Closed,ChIJhd0DTg9x54gRt6F6HpBoaxE,28.5645971,-81.3660057,4.9,OPERATIONAL
Elevate Kava Bar & Lounge,400 N Orlando Ave Unit 109A, Maitland, FL 32751, USA,(407) 706-7127,Monday: 9:00 AM – 12:00 AM;Tuesday: 9:00 AM – 12:00 AM;Wednesday: 9:00 AM – 12:00 AM;Thursday: 9:00 AM – 12:00 AM;Friday: 9:00 AM – 12:00 AM;Saturday: 9:00 AM – 12:00 AM;Sunday: 9:00 AM – 12:00 AM,ChIJ3X1t-FRx54gR-5zzhsq_JhE,28.6297646,-81.36293289999999,4.8,OPERATIONAL
NovelTea Kava Bar,2200 Winter Springs Blvd #117, Oviedo, FL 32765, USA,N/A,Monday: 8:00 AM – 2:00 AM;Tuesday: 8:00 AM – 2:00 AM;Wednesday: 8:00 AM – 2:00 AM;Thursday: 8:00 AM – 2:00 AM;Friday: 8:00 AM – 2:00 AM;Saturday: 11:00 AM – 2:00 AM;Sunday: 11:00 AM – 2:00 AM,ChIJ_2eVZwBr54gR1DwQA8kIszY,28.6698259,-81.22442319999999,5,OPERATIONAL
Kavasutra Kava Bar - Casselberry,953 FL-436, Casselberry, FL 32707, USA,(321) 422-0170,Monday: 8:00 AM – 2:00 AM;Tuesday: 8:00 AM – 2:00 AM;Wednesday: 8:00 AM – 2:00 AM;Thursday: 8:00 AM – 2:00 AM;Friday: 8:00 AM – 2:00 AM;Saturday: 8:00 AM – 2:00 AM;Sunday: 8:00 AM – 2:00 AM,ChIJPQJ3IABv54gRAAnkf914d1k,28.6473814,-81.3243731,4.7,OPERATIONAL
Pacific Dharma Kava,2345 E Michigan St # 4, Orlando, FL 32806, USA,(321) 247-5057,Monday: 10:00 AM – 1:00 AM;Tuesday: 10:00 AM – 1:00 AM;Wednesday: 10:00 AM – 1:00 AM;Thursday: 10:00 AM – 1:00 AM;Friday: 10:00 AM – 2:00 AM;Saturday: 10:00 AM – 2:00 AM;Sunday: 10:00 AM – 1:00 AM,ChIJTRy5UhF754gRS_eUwHCl4Xk,28.5136856,-81.3520157,4.9,OPERATIONAL
Kava Culture Kava Bar,514 N Franklin St STE 102, Tampa, FL 33602, USA,(813) 999-1179,Monday: 7:00 AM – 1:00 AM;Tuesday: 7:00 AM – 1:00 AM;Wednesday: 7:00 AM – 1:00 AM;Thursday: 7:00 AM – 1:00 AM;Friday: 7:00 AM – 1:00 AM;Saturday: 7:00 AM – 1:00 AM;Sunday: 7:00 AM – 1:00 AM,ChIJf7vdA7zFwogRa1FJF-4cQos,27.9489985,-82.4586743,4.5,OPERATIONAL
Kava Culture Kava Bar,4820 S Himes Ave Suite 2, Tampa, FL 33611, USA,(813) 832-3323,Monday: 7:00 AM – 1:00 AM;Tuesday: 7:00 AM – 1:00 AM;Wednesday: 7:00 AM – 1:00 AM;Thursday: 7:00 AM – 1:00 AM;Friday: 7:00 AM – 1:00 AM;Saturday: 7:00 AM – 1:00 AM;Sunday: 7:00 AM – 1:00 AM,ChIJIRxusPTdwogRE4lGrucFOCU,27.8939202,-82.5012299,4.7,OPERATIONAL
Heights Kava Lounge (Coffee , Kava, Kombucha, Herbal tea, Hookah),723 W Columbus Dr, Tampa, FL 33602, USA,(813) 586-0611,Monday: 7:00 AM – 12:00 AM;Tuesday: 7:00 AM – 12:00 AM;Wednesday: 7:00 AM – 12:00 AM;Thursday: 7:00 AM – 12:00 AM;Friday: 7:00 AM – 1:00 AM;Saturday: 11:00 AM – 1:00 AM;Sunday: 11:00 AM – 12:00 AM,ChIJBdVltRzFwogRLS4pltofRn8,27.9671602,-82.46829480000001,5,OPERATIONAL
Bula Kavananda Kava Bar & Coffee House,5803 N Florida Ave, Tampa, FL 33604, USA,(813) 444-5571,Monday: 7:00 AM – 2:00 AM;Tuesday: 7:00 AM – 2:00 AM;Wednesday: 7:00 AM – 2:00 AM;Thursday: 7:00 AM – 2:00 AM;Friday: 7:00 AM – 2:00 AM;Saturday: 7:00 AM – 2:00 AM;Sunday: 7:00 AM – 2:00 AM,ChIJA3ZFrHTHwogRumv_hHuJSEo,28.0000486,-82.4592114,4.7,OPERATIONAL
Alibaba Lounge & Kava Bar,2317 W Linebaugh Ave, Tampa, FL 33612, USA,(813) 280-9466,Monday: 2:00 PM – 12:00 AM;Tuesday: 2:00 PM – 12:00 AM;Wednesday: 2:00 PM – 12:00 AM;Thursday: 2:00 PM – 12:00 AM;Friday: 2:00 PM – 2:00 AM;Saturday: 2:00 PM – 2:00 AM;Sunday: 4:00 – 9:00 PM,ChIJO7LqJADBwogR9wGzqwmr2dA,28.0402317,-82.4809518,4.9,OPERATIONAL
Speakeasy Central Kava Bar,2101 Central Ave, St. Petersburg, FL 33713, USA,(727) 329-9915,Monday: 7:00 AM – 1:00 AM;Tuesday: 7:00 AM – 1:00 AM;Wednesday: 7:00 AM – 1:00 AM;Thursday: 7:00 AM – 1:00 AM;Friday: 7:00 AM – 1:00 AM;Saturday: 7:00 AM – 1:00 AM;Sunday: 7:00 AM – 1:00 AM,ChIJjwq5GdPjwogRXbZg6X4v6bc,27.7712148,-82.6617765,4.8,OPERATIONAL
Insomnia ISG Kava Bar and Lounge,11401 N 56th St #20, Temple Terrace, FL 33617, USA,(813) 570-8137,Monday: 12:00 PM – 12:00 AM;Tuesday: 12:00 PM – 12:00 AM;Wednesday: 12:00 PM – 12:00 AM;Thursday: 12:00 PM – 12:00 AM;Friday: 12:00 PM – 12:00 AM;Saturday: 12:00 PM – 12:00 AM;Sunday: 12:00 – 11:00 PM,ChIJ6wMxDt_HwogRP5PkgWcrAo0,28.0522899,-82.393074,5,OPERATIONAL
Low Tide Kava Bar,2902A Beach Blvd S, Gulfport, FL 33707, USA,(727) 202-6824,Monday: 8:00 AM – 12:00 AM;Tuesday: 8:00 AM – 12:00 AM;Wednesday: 8:00 AM – 12:00 AM;Thursday: 8:00 AM – 12:00 AM;Friday: 8:00 AM – 12:00 AM;Saturday: 8:00 AM – 12:00 AM;Sunday: 8:00 AM – 12:00 AM,ChIJv08w15viwogR-eEGwgnpG3E,27.7409106,-82.70728969999999,4.7,OPERATIONAL
HotWax Coffee Shop, Kava Bar & Tap House,1522 E 7th Ave, Tampa, FL 33605, USA,(813) 442-4210,Monday: 11:00 AM – 1:00 AM;Tuesday: 11:00 AM – 1:00 AM;Wednesday: 11:00 AM – 1:00 AM;Thursday: 11:00 AM – 1:00 AM;Friday: 11:00 AM – 2:30 AM;Saturday: 10:00 AM – 2:30 AM;Sunday: 10:00 AM – 1:00 AM,ChIJoXx2DEnFwogRAQNuEvZKv_s,27.9604807,-82.44208909999999,4.5,OPERATIONAL
Mad Hatters Kava Bar,4685 28th St N, St. Petersburg, FL 33714, USA,(727) 800-5030,Monday: 7:00 AM – 2:00 AM;Tuesday: 7:00 AM – 2:00 AM;Wednesday: 7:00 AM – 2:00 AM;Thursday: 7:00 AM – 2:00 AM;Friday: 7:00 AM – 3:00 AM;Saturday: 7:00 AM – 3:00 AM;Sunday: 7:00 AM – 2:00 AM,ChIJYdtePI3jwogRKyWpe4WQzHU,27.8144763,-82.6710193,4.6,OPERATIONAL
Muddy Water Kava,6111 10th St N, St. Petersburg, FL 33703, USA,(727) 520-0720,Monday: 8:00 AM – 2:00 AM;Tuesday: 8:00 AM – 2:00 AM;Wednesday: 8:00 AM – 2:00 AM;Thursday: 8:00 AM – 2:00 AM;Friday: 8:00 AM – 2:00 AM;Saturday: 8:00 AM – 2:00 AM;Sunday: 8:00 AM – 2:00 AM,ChIJtwjSEarmwogRjJza2XkUrYk,27.82779,-82.647628,4.6,OPERATIONAL
Ritual Kava Lounge,11127 N Dale Mabry Hwy, Tampa, FL 33618, USA,N/A,Monday: 8:00 AM – 12:00 AM;Tuesday: 8:00 AM – 12:00 AM;Wednesday: 8:00 AM – 12:00 AM;Thursday: 8:00 AM – 12:00 AM;Friday: 8:00 AM – 12:00 AM;Saturday: 8:00 AM – 12:00 AM;Sunday: 8:00 AM – 12:00 AM,ChIJwfNjcXLBwogRc5WjrTZKmUQ,28.050038,-82.50369359999999,4.9,OPERATIONAL
Bula Kava Bar & Coffee House,2500 5th Ave N, St. Petersburg, FL 33713, USA,(727) 498-8913,Monday: 7:00 AM – 2:00 AM;Tuesday: 7:00 AM – 2:00 AM;Wednesday: 7:00 AM – 2:00 AM;Thursday: 7:00 AM – 2:00 AM;Friday: 7:00 AM – 2:00 AM;Saturday: 7:00 AM – 2:00 AM;Sunday: 7:00 AM – 2:00 AM,ChIJR8Z9KsvjwogRvH5X0rn0B6M,27.7771646,-82.6675642,4.4,OPERATIONAL
Grassroots Kava House,1925 E 6th Ave, Tampa, FL 33605, USA,(813) 755-4100,Monday: 7:00 AM – 9:00 PM;Tuesday: 7:00 AM – 9:00 PM;Wednesday: 7:00 AM – 9:00 PM;Thursday: 7:00 AM – 9:00 PM;Friday: 7:00 AM – 9:00 PM;Saturday: 8:00 AM – 9:00 PM;Sunday: 8:00 AM – 9:00 PM,ChIJ58DykSbFwogRlSIQwf_cfUE,27.9593616,-82.43687829999999,4.6,OPERATIONAL
The Spot Smoke Shop and Kava Bar,4299 66th St N, Kenneth City, FL 33709, USA,(727) 289-1659,Monday: 6:00 AM – 12:00 AM;Tuesday: 6:00 AM – 12:00 AM;Wednesday: 6:00 AM – 12:00 AM;Thursday: 6:00 AM – 12:00 AM;Friday: 6:00 AM – 12:00 AM;Saturday: 6:00 AM – 12:00 AM;Sunday: 7:00 AM – 12:00 AM,ChIJX4of2eXjwogR4kKE7NCLm_A,27.8105221,-82.7282046,4.8,OPERATIONAL
Grassroots Kava House,5248 N Florida Ave, Tampa, FL 33603, USA,(813) 755-3003,Monday: 7:00 AM – 12:00 AM;Tuesday: 7:00 AM – 12:00 AM;Wednesday: 7:00 AM – 12:00 AM;Thursday: 7:00 AM – 12:00 AM;Friday: 7:00 AM – 12:00 AM;Saturday: 8:00 AM – 12:00 AM;Sunday: 8:00 AM – 12:00 AM,ChIJCSS42dbFwogRppnrbbOFzIE,27.9950422,-82.4597209,4.8,OPERATIONAL
Steep Station Kava Bar,3804 W Linebaugh Ave Suite C, Tampa, FL 33618, USA,(813) 513-4833,Monday: 8:00 AM – 10:00 PM;Tuesday: 8:00 AM – 10:00 PM;Wednesday: 8:00 AM – 10:00 PM;Thursday: 8:00 AM – 10:00 PM;Friday: 8:00 AM – 12:00 AM;Saturday: 9:00 AM – 12:00 AM;Sunday: 9:00 AM – 9:00 PM,ChIJu5zRAxvBwogRFNXjdBe0cXU,28.039658,-82.50542399999999,4.6,OPERATIONAL
The Muddy Root Kava Cafe,8229 Parkedge Dr, Tampa, FL 33637, USA,(813) 284-7491,Monday: 7:00 AM – 12:00 AM;Tuesday: 7:00 AM – 12:00 AM;Wednesday: 7:00 AM – 12:00 AM;Thursday: 7:00 AM – 12:00 AM;Friday: 7:00 AM – 12:00 AM;Saturday: 10:00 AM – 12:00 AM;Sunday: 10:00 AM – 12:00 AM,ChIJtQat2qvJwogR3V4iPUxj8II,28.0697371,-82.36745909999999,4.8,OPERATIONAL
Dignitary Cafe,4817 S West Shore Blvd, Tampa, FL 33611, USA,(813) 999-4968,Monday: 10:00 AM – 3:00 AM;Tuesday: 10:00 AM – 3:00 AM;Wednesday: 10:00 AM – 3:00 AM;Thursday: 10:00 AM – 3:00 AM;Friday: 10:00 AM – 3:00 AM;Saturday: 10:00 AM – 3:00 AM;Sunday: 10:00 AM – 12:00 AM,ChIJj-qfF63dwogRC5pqWJyvMwg,27.8940998,-82.5272294,4.8,OPERATIONAL
The Bay Kava Lounge,2119 W Brandon Blvd G, Brandon, FL 33511, USA,(813) 438-8779,Monday: 9:30 AM – 11:00 PM;Tuesday: 9:30 AM – 11:00 PM;Wednesday: 9:30 AM – 11:00 PM;Thursday: 9:30 AM – 11:00 PM;Friday: 9:30 AM – 12:00 AM;Saturday: 9:30 AM – 12:00 AM;Sunday: 10:30 AM – 11:00 PM,ChIJadlo5mbOwogRHcOhhPAmKRc,27.937328,-82.3203813,4.9,OPERATIONAL
Kava & Company - San Marco,1224 Kings Ave, Jacksonville, FL 32207, USA,(904) 551-3809,Monday: 9:00 AM – 12:00 AM;Tuesday: 9:00 AM – 12:00 AM;Wednesday: 9:00 AM – 2:00 AM;Thursday: 9:00 AM – 2:00 AM;Friday: 9:00 AM – 2:00 AM;Saturday: 9:00 AM – 2:00 AM;Sunday: 9:00 AM – 12:00 AM,ChIJzTVIQYi35YgRtk8weDuqL5Y,30.3131574,-81.6539969,4.9,OPERATIONAL
Jax Beach Kava Bar,1372 Beach Blvd, Jacksonville Beach, FL 32250, USA,(904) 595-5786,Monday: 9:00 AM – 2:00 AM;Tuesday: 9:00 AM – 2:00 AM;Wednesday: 9:00 AM – 2:00 AM;Thursday: 9:00 AM – 2:00 AM;Friday: 9:00 AM – 2:00 AM;Saturday: 9:00 AM – 2:00 AM;Sunday: 9:00 AM – 2:00 AM,ChIJg0rOUS1J5IgRHGzKwt31X7A,30.2874805,-81.40385959999999,4.8,OPERATIONAL
Kava & Company - Mandarin,11018 Old St Augustine Rd Suite #123, Jacksonville, FL 32257, USA,(904) 900-3606,Monday: 10:00 AM – 10:00 PM;Tuesday: 10:00 AM – 10:00 PM;Wednesday: 10:00 AM – 10:00 PM;Thursday: 10:00 AM – 10:00 PM;Friday: 10:00 AM – 10:00 PM;Saturday: 10:00 AM – 10:00 PM;Sunday: 10:00 AM – 10:00 PM,ChIJ2d_fFufJ5YgR7hTCwErvk6k,30.1748535,-81.6050958,4.9,OPERATIONAL
Wildcrafters Booze-Free & Kava Bar,2105 Park St #4, Jacksonville, FL 32204, USA,(904) 405-7275,Monday: Closed;Tuesday: 11:00 AM – 10:00 PM;Wednesday: 11:00 AM – 10:00 PM;Thursday: 11:00 AM – 12:00 AM;Friday: 11:00 AM – 12:00 AM;Saturday: 11:00 AM – 12:00 AM;Sunday: 11:00 AM – 10:00 PM,ChIJgz6eE7635YgRAmd86_a4QZY,30.3136309,-81.6835887,4.8,OPERATIONAL
Kafe Kava - St. Augustine Kava Bar,21 Spanish St, St. Augustine, FL 32084, USA,(904) 770-2605,Monday: 10:00 AM – 1:00 AM;Tuesday: 10:00 AM – 1:00 AM;Wednesday: 10:00 AM – 1:00 AM;Thursday: 10:00 AM – 1:00 AM;Friday: 10:00 AM – 1:00 AM;Saturday: 10:00 AM – 1:00 AM;Sunday: 10:00 AM – 1:00 AM,ChIJJ1m89qQn5IgRRm6Xc4m4VWk,29.8966084,-81.3138742,4.5,OPERATIONAL
Eternal Roots Kava Lounge,7035 Philips Hwy Suite 8, Jacksonville, FL 32216, USA,N/A,Monday: 10:00 AM – 12:00 AM;Tuesday: 10:00 AM – 12:00 AM;Wednesday: 10:00 AM – 12:00 AM;Thursday: 10:00 AM – 12:00 AM;Friday: 10:00 AM – 12:00 AM;Saturday: 10:00 AM – 12:00 AM;Sunday: 10:00 AM – 12:00 AM,ChIJOSUjk0635YgRGpQ0csuc3L4,30.24541640000001,-81.60069879999999,N/A,OPERATIONAL
kava bar,44 E Union St, Jacksonville, FL 32202, USA,N/A,,ChIJLwrJZIy35YgRSmYkVtyZDOY,30.33212259999999,-81.6551842,N/A,CLOSED_PERMANENTLY
Sunbelt Kava Co.,3327 NE 32nd St, Fort Lauderdale, FL 33308, USA,(954) 404-0186,Monday: 9:00 AM – 3:00 AM;Tuesday: 9:00 AM – 3:00 AM;Wednesday: 9:00 AM – 3:00 AM;Thursday: 9:00 AM – 3:00 AM;Friday: 9:00 AM – 3:00 AM;Saturday: 9:00 AM – 3:00 AM;Sunday: 9:00 AM – 3:00 AM,ChIJ6f7qyWMB2YgRe7W_FyV8seY,26.1686545,-80.1014914,5,OPERATIONAL
Island Vibes Kava Bar Fort Lauderdale,1027 N Federal Hwy, Fort Lauderdale, FL 33304, USA,(954) 990-8438,Monday: 10:00 AM – 2:00 AM;Tuesday: 10:00 AM – 2:00 AM;Wednesday: 10:00 AM – 2:00 AM;Thursday: 10:00 AM – 2:00 AM;Friday: 10:00 AM – 2:00 AM;Saturday: 10:00 AM – 2:00 AM;Sunday: 10:00 AM – 2:00 AM,ChIJybCjMSIB2YgR_r0sxderbeY,26.1382912,-80.1212017,4.9,OPERATIONAL
Black Klover Kava,4405 N Federal Hwy, Fort Lauderdale, FL 33308, USA,(954) 900-4574,Monday: 7:45 AM – 2:00 AM;Tuesday: 7:45 AM – 2:00 AM;Wednesday: 7:45 AM – 2:00 AM;Thursday: 7:45 AM – 2:00 AM;Friday: 7:45 AM – 2:00 AM;Saturday: 7:45 AM – 2:00 AM;Sunday: 7:45 AM – 2:00 AM,ChIJ9ensVgMD2YgRUXxHB8--8Co,26.18255229999999,-80.1198196,4.9,OPERATIONAL
Kavasutra Kava Bar - Las Olas,1318 E Las Olas Blvd, Fort Lauderdale, FL 33301, USA,(954) 368-2980,Monday: 8:00 AM – 2:00 AM;Tuesday: 8:00 AM – 2:00 AM;Wednesday: 8:00 AM – 2:00 AM;Thursday: 8:00 AM – 2:00 AM;Friday: 8:00 AM – 2:00 AM;Saturday: 8:00 AM – 2:00 AM;Sunday: 8:00 AM – 2:00 AM,ChIJn8raWk4A2YgR_VdDMcrXRfY,26.1192034,-80.1293982,4.3,OPERATIONAL
BluFlamingo Kava,1444 NE 4th Ave, Fort Lauderdale, FL 33304, USA,(754) 216-0116,Monday: 8:00 AM – 3:00 AM;Tuesday: 8:00 AM – 3:00 AM;Wednesday: 8:00 AM – 3:00 AM;Thursday: 8:00 AM – 3:00 AM;Friday: 8:00 AM – 4:00 AM;Saturday: 8:00 AM – 4:00 AM;Sunday: 8:00 AM – 3:00 AM,ChIJCzEZ5pQB2YgRexN7VwTFhQc,26.145519,-80.14040899999999,4.6,OPERATIONAL
No Worries Kava Bar,921 Sunrise Ln, Fort Lauderdale, FL 33304, USA,(754) 701-8183,Monday: 11:00 AM – 2:00 AM;Tuesday: 11:00 AM – 2:00 AM;Wednesday: 11:00 AM – 2:00 AM;Thursday: 11:00 AM – 2:00 AM;Friday: 11:00 AM – 2:00 AM;Saturday: 11:00 AM – 2:00 AM;Sunday: 11:00 AM – 12:00 AM,ChIJ99ICuzkB2YgRe5Svbk649_0,26.1374508,-80.1040975,4.8,OPERATIONAL
Twisted Roots Kava Brewery,2037 Hollywood Blvd, Hollywood, FL 33020, USA,(754) 260-5193,Monday: 7:00 AM – 2:00 AM;Tuesday: 7:00 AM – 2:00 AM;Wednesday: 7:00 AM – 2:00 AM;Thursday: 7:00 AM – 2:00 AM;Friday: 7:00 AM – 3:00 AM;Saturday: 7:00 AM – 3:00 AM;Sunday: 7:00 AM – 2:00 AM,ChIJ4UHTDDGr2YgRyfBdZBYVLzw,26.0116709,-80.148517,4.9,OPERATIONAL
Tiki Tide Kava,3418 Griffin Rd, Fort Lauderdale, FL 33312, USA,(954) 270-3298,Monday: 5:00 PM – 12:00 AM;Tuesday: 5:00 PM – 12:00 AM;Wednesday: 5:00 PM – 12:00 AM;Thursday: 5:00 PM – 12:00 AM;Friday: 5:00 PM – 12:00 AM;Saturday: 10:00 AM – 2:00 AM;Sunday: 10:00 AM – 2:00 AM,ChIJwTIjIfWp2YgRNXC7-E-XNcI,26.0619929,-80.19004559999999,4.8,OPERATIONAL
The Kave Kava Bar - Kratom & Cannabis Cafe (Dispensary & Hookah Lounge),2329 S University Dr, Davie, FL 33324, USA,(954) 533-6334,Monday: 9:00 AM – 2:00 AM;Tuesday: 9:00 AM – 2:00 AM;Wednesday: 9:00 AM – 2:00 AM;Thursday: 9:00 AM – 3:00 AM;Friday: 9:00 AM – 3:00 AM;Saturday: 10:00 AM – 3:00 AM;Sunday: 10:00 AM – 2:00 AM,ChIJH9_lb28H2YgR6DU8j6E3XM4,26.0923321,-80.2521368,4.9,OPERATIONAL
Island Root Kava Bar Coral Springs,2055 N University Dr, Coral Springs, FL 33071, USA,(954) 688-6616,Monday: 9:00 AM – 2:00 AM;Tuesday: 9:00 AM – 2:00 AM;Wednesday: 9:00 AM – 2:00 AM;Thursday: 9:00 AM – 2:00 AM;Friday: 9:00 AM – 2:00 AM;Saturday: 9:00 AM – 2:00 AM;Sunday: 9:00 AM – 2:00 AM,ChIJCVjARw0F2YgRszNCu35YY0Y,26.2563865,-80.2490665,4.9,OPERATIONAL
Karma Kava,900 N Flagler Dr, Fort Lauderdale, FL 33304, USA,(954) 869-5282,Monday: 8:00 AM – 2:00 AM;Tuesday: 8:00 AM – 2:00 AM;Wednesday: 8:00 AM – 2:00 AM;Thursday: 8:00 AM – 2:00 AM;Friday: 8:00 AM – 2:00 AM;Saturday: 8:00 AM – 2:00 AM;Sunday: 8:00 AM – 2:00 AM,ChIJmc0S_m8B2YgREYay8x7UZjc,26.1352943,-80.13974089999999,4.6,OPERATIONAL
Kavana Kava Bar,3890 SW 64th Ave Suite #102, Davie, FL 33314, USA,(954) 999-5641,Monday: 8:00 AM – 2:00 AM;Tuesday: 8:00 AM – 2:30 AM;Wednesday: 8:00 AM – 2:00 AM;Thursday: 8:00 AM – 2:00 AM;Friday: 8:00 AM – 2:00 AM;Saturday: 8:00 AM – 2:00 AM;Sunday: 8:00 AM – 2:00 AM,ChIJqZEe9xKp2YgRbi2qKFzm24I,26.07365630000001,-80.2320543,4.9,OPERATIONAL
Kavasutra Kava Bar Sunrise,8927 W Oakland Park Blvd, Fort Lauderdale, FL 33351, USA,(954) 533-1255,Monday: 8:00 AM – 2:00 AM;Tuesday: 8:00 AM – 2:00 AM;Wednesday: 8:00 AM – 2:00 AM;Thursday: 8:00 AM – 2:00 AM;Friday: 8:00 AM – 2:00 AM;Saturday: 8:00 AM – 2:00 AM;Sunday: 8:00 AM – 2:00 AM,ChIJ9V7kq28H2YgR4qrsdQT6A44,26.1689024,-80.26926329999999,4.2,OPERATIONAL
Kavasutra Kava Bar Cypress Creek,937 NE 62nd St, Fort Lauderdale, FL 33334, USA,(954) 900-5129,Monday: 8:00 AM – 2:00 AM;Tuesday: 8:00 AM – 2:00 AM;Wednesday: 8:00 AM – 2:00 AM;Thursday: 8:00 AM – 2:00 AM;Friday: 8:00 AM – 2:00 AM;Saturday: 8:00 AM – 2:00 AM;Sunday: 8:00 AM – 2:00 AM,ChIJh0NRPPYD2YgRzh4-_cKaN3g,26.2041346,-80.1339922,4.4,OPERATIONAL
Elixir Kava Boutique,1820 Harrison St, Hollywood, FL 33020, USA,(305) 337-1501,Monday: 10:00 AM – 3:00 AM;Tuesday: 10:00 AM – 3:00 AM;Wednesday: 10:00 AM – 3:00 AM;Thursday: 10:00 AM – 3:00 AM;Friday: 10:00 AM – 3:00 AM;Saturday: 10:00 AM – 3:00 AM;Sunday: 10:00 AM – 3:00 AM,ChIJ6Z3f9xKr2YgRyRAlmHxt3Os,26.0104497,-80.14413429999999,4.8,OPERATIONAL
Kavana Kava Bar Dania Beach,6 S Federal Hwy, Dania Beach, FL 33004, USA,(954) 589-2661,Monday: 8:00 AM – 2:00 AM;Tuesday: 8:00 AM – 2:00 AM;Wednesday: 8:00 AM – 2:00 AM;Thursday: 8:00 AM – 2:00 AM;Friday: 8:00 AM – 2:00 AM;Saturday: 8:00 AM – 2:00 AM;Sunday: 8:00 AM – 2:00 AM,ChIJQ6so3vKr2YgRjpvIBQV2M3s,26.052038,-80.14388330000001,4.8,OPERATIONAL
Aura Kava,120 SW 15th St, Pompano Beach, FL 33060, USA,(754) 307-3972,Monday: 8:00 AM – 2:00 AM;Tuesday: 8:00 AM – 2:00 AM;Wednesday: 8:00 AM – 2:00 AM;Thursday: 8:00 AM – 2:00 AM;Friday: 8:00 AM – 2:00 AM;Saturday: 8:00 AM – 2:00 AM;Sunday: 8:00 AM – 2:00 AM,ChIJyWs8i9sD2YgRsHYKiA__t9o,26.2106983,-80.12431749999999,4.9,OPERATIONAL
Island Vibes Kava Bar Pompano,2001 N Federal Hwy Suite G105, Pompano Beach, FL 33062, USA,(954) 532-0113,Monday: 8:00 AM – 12:00 AM;Tuesday: 8:00 AM – 12:00 AM;Wednesday: 8:00 AM – 12:00 AM;Thursday: 8:00 AM – 12:00 AM;Friday: 8:00 AM – 2:00 AM;Saturday: 8:00 AM – 2:00 AM;Sunday: 8:00 AM – 12:00 AM,ChIJwUKwbtMD2YgRgXR3XsPdHUw,26.256885,-80.1016341,5,OPERATIONAL
Cupcan Kava & Coffee Bar,110 NW 1st St, Dania Beach, FL 33004, USA,(305) 498-2977,Monday: 8:00 AM – 3:00 AM;Tuesday: 8:00 AM – 3:00 AM;Wednesday: 8:00 AM – 3:00 AM;Thursday: 8:00 AM – 3:00 AM;Friday: 8:00 AM – 3:00 AM;Saturday: 8:00 AM – 3:00 AM;Sunday: 8:00 AM – 3:00 AM,ChIJU67pxlir2YgR7QTioS3uw4A,26.0543975,-80.1449636,4.8,OPERATIONAL
Delight Kava Bar,1430 E Atlantic Blvd, Pompano Beach, FL 33060, USA,(754) 205-4775,Monday: 7:00 AM – 2:00 AM;Tuesday: 7:00 AM – 2:00 AM;Wednesday: 7:00 AM – 2:00 AM;Thursday: 7:00 AM – 2:00 AM;Friday: 7:00 AM – 3:00 AM;Saturday: 7:00 AM – 3:00 AM;Sunday: 7:00 AM – 1:00 AM,ChIJxzpTn_MD2YgRDk0eD46E8eM,26.2314915,-80.10928059999999,4.8,OPERATIONAL
Coastal Kava & Coffee,1300 N Military Trl, West Palm Beach, FL 33409, USA,(561) 631-8859,Monday: 10:00 AM – 2:00 AM;Tuesday: 10:00 AM – 2:00 AM;Wednesday: 10:00 AM – 2:00 AM;Thursday: 10:00 AM – 2:00 AM;Friday: 10:00 AM – 2:00 AM;Saturday: 10:00 AM – 2:00 AM;Sunday: 11:00 AM – 1:00 AM,ChIJQ5xYhT0p2YgR3Tuxr5AtHm4,26.695983,-80.1098634,4.8,OPERATIONAL
Island Root Kava Bar Royal Palm,9908 Southern Blvd, West Palm Beach, FL 33411, USA,(561) 249-7717,Monday: 6:00 AM – 2:00 AM;Tuesday: 6:00 AM – 2:00 AM;Wednesday: 6:00 AM – 2:00 AM;Thursday: 6:00 AM – 2:00 AM;Friday: 6:00 AM – 2:00 AM;Saturday: 6:00 AM – 2:00 AM;Sunday: 6:00 AM – 2:00 AM,ChIJ654tiE4v2YgRtbqbw4GNxPk,26.6790243,-80.2006291,4.8,OPERATIONAL
Hideout Kava and Tea Clematis,107 N Olive Ave, West Palm Beach, FL 33401, USA,(561) 631-8930,Monday: 10:00 AM – 2:00 AM;Tuesday: 10:00 AM – 2:00 AM;Wednesday: 10:00 AM – 2:00 AM;Thursday: 10:00 AM – 2:00 AM;Friday: 10:00 AM – 3:00 AM;Saturday: 10:00 AM – 3:00 AM;Sunday: 10:00 AM – 2:00 AM,ChIJYR-U9avX2IgR5OJhb5Rg9Mg,26.7135735,-80.05205509999999,4.9,OPERATIONAL
Mystic Roots Kava Bar,615 Lake Ave, Lake Worth Beach, FL 33460, USA,(561) 619-8144,Monday: 9:00 AM – 2:00 AM;Tuesday: 9:00 AM – 2:00 AM;Wednesday: 9:00 AM – 2:00 AM;Thursday: 9:00 AM – 2:00 AM;Friday: 9:00 AM – 2:00 AM;Saturday: 10:00 AM – 2:00 AM;Sunday: 10:00 AM – 12:00 AM,ChIJXbV1wvzZ2IgRax7UDsoJDTE,26.6156274,-80.05498490000001,4.9,OPERATIONAL
High Tide Kava Bar,512 Northwood Rd, West Palm Beach, FL 33407, USA,(561) 729-0858,Monday: 8:00 AM – 12:00 AM;Tuesday: 8:00 AM – 12:00 AM;Wednesday: 8:00 AM – 12:00 AM;Thursday: 8:00 AM – 12:00 AM;Friday: 8:00 AM – 12:00 AM;Saturday: 8:00 AM – 12:00 AM;Sunday: 8:00 AM – 12:00 AM,ChIJeTc_i_vV2IgRLaFxaS09J1E,26.7349215,-80.0552974,5,OPERATIONAL
Island Vibes Kava Bar, Inc,2128 Okeechobee Blvd, West Palm Beach, FL 33409, USA,(561) 847-4806,Monday: 8:00 AM – 2:00 AM;Tuesday: 8:00 AM – 2:00 AM;Wednesday: 8:00 AM – 2:00 AM;Thursday: 8:00 AM – 2:00 AM;Friday: 8:00 AM – 2:00 AM;Saturday: 8:00 AM – 2:00 AM;Sunday: 8:00 AM – 2:00 AM,ChIJsboIbAPX2IgRmyd3xZnH1QQ,26.7058947,-80.08362,4.8,OPERATIONAL
Purple Lotus Kava Bar,255 Evernia St # Mu-4, West Palm Beach, FL 33401, USA,(561) 379-3667,Monday: 12:00 PM – 1:00 AM;Tuesday: 12:00 PM – 1:00 AM;Wednesday: 12:00 PM – 1:00 AM;Thursday: 12:00 PM – 1:00 AM;Friday: 12:00 PM – 1:00 AM;Saturday: 12:00 PM – 1:00 AM;Sunday: 12:00 PM – 1:00 AM,ChIJhXdT_WHW2IgRJhwvChgtThQ,26.711369,-80.05090899999999,4.6,OPERATIONAL
Oahu Kava Bar,1540 Palm Beach Lakes Blvd APT 130, West Palm Beach, FL 33401, USA,(561) 429-4963,Monday: 9:00 AM – 12:00 AM;Tuesday: 9:00 AM – 12:00 AM;Wednesday: 9:00 AM – 12:00 AM;Thursday: 9:00 AM – 12:00 AM;Friday: 9:00 AM – 2:00 AM;Saturday: 9:00 AM – 2:00 AM;Sunday: 9:00 AM – 12:00 AM,ChIJwy3K-U3X2IgRpyyUNH4gOKA,26.7247107,-80.0785392,4.3,OPERATIONAL
Tribal Kava Bar,404 S Military Trl, West Palm Beach, FL 33415, USA,(561) 355-0561,Monday: 8:00 AM – 2:00 AM;Tuesday: 8:00 AM – 2:00 AM;Wednesday: 8:00 AM – 2:00 AM;Thursday: 8:00 AM – 2:00 AM;Friday: 8:00 AM – 2:00 AM;Saturday: 8:00 AM – 2:00 AM;Sunday: 8:00 AM – 2:30 AM,ChIJFe_zmzQp2YgRh1ooSVUot9Y,26.6713771,-80.1120402,4.8,OPERATIONAL
Kava Daddy,9091 N Military Trl suite 9, Palm Beach Gardens, FL 33410, USA,(561) 815-0899,Monday: 10:00 AM – 12:00 AM;Tuesday: 10:00 AM – 12:00 AM;Wednesday: 10:00 AM – 12:00 AM;Thursday: 10:00 AM – 12:00 AM;Friday: 10:00 AM – 1:00 AM;Saturday: 10:00 AM – 1:00 AM;Sunday: 10:00 AM – 12:00 AM,ChIJW8I8DWIr2YgR43vpE8lCHac,26.8107913,-80.1070445,4.7,OPERATIONAL
The Chill Room Kava Bar of Lake Worth - Original Location,7392 Lake Worth Rd, Lake Worth Corridor, FL 33467, USA,(561) 629-7657,Monday: 7:00 AM – 2:00 AM;Tuesday: 7:00 AM – 2:00 AM;Wednesday: 7:00 AM – 2:00 AM;Thursday: 7:00 AM – 2:00 AM;Friday: 7:00 AM – 2:00 AM;Saturday: 10:00 AM – 2:00 AM;Sunday: 10:00 AM – 2:00 AM,ChIJq6qqxUAm2YgRfHApIiBFPB8,26.6157399,-80.1634246,4.8,OPERATIONAL
Island Vibes Lake Worth Kava Bar,6169. S. Jog Rd, Lantana Square A5, Lake Worth Corridor, FL 33467, USA,(561) 360-2889,Monday: 7:00 AM – 1:00 AM;Tuesday: 7:00 AM – 1:00 AM;Wednesday: 7:00 AM – 1:00 AM;Thursday: 7:00 AM – 1:00 AM;Friday: 7:00 AM – 2:00 AM;Saturday: 7:00 AM – 2:00 AM;Sunday: 7:00 AM – 1:00 AM,ChIJB7KbgJ8n2YgRaJI9wLVShgI,26.5893555,-80.1497686,4.8,OPERATIONAL
Hakuna Makava,1109 Old Okeechobee Rd #23, West Palm Beach, FL 33401, USA,(561) 855-4728,Monday: 11:00 AM – 1:00 AM;Tuesday: 11:00 AM – 1:00 AM;Wednesday: 11:00 AM – 1:00 AM;Thursday: 11:00 AM – 1:00 AM;Friday: 11:00 AM – 1:00 AM;Saturday: 12:00 PM – 1:00 AM;Sunday: 12:00 PM – 1:00 AM,ChIJg_bVzrXX2IgR6UenhAOa2pM,26.7009796,-80.0639851,4.9,OPERATIONAL
The Chill Room Kava Bar of Lake Worth Beach,920 N Dixie Hwy, Lake Worth Beach, FL 33460, USA,(561) 321-4024,Monday: 8:00 AM – 2:00 AM;Tuesday: 8:00 AM – 2:00 AM;Wednesday: 8:00 AM – 2:00 AM;Thursday: 8:00 AM – 2:00 AM;Friday: 8:00 AM – 2:00 AM;Saturday: 10:00 AM – 2:00 AM;Sunday: 10:00 AM – 2:00 AM,ChIJ_ewb7kDZ2IgRm5gXaRCNtT4,26.6270068,-80.0567666,4.8,OPERATIONAL
Temanatu Kava Bar,330 Clematis St #102, West Palm Beach, FL 33401, USA,(561) 249-2700,Monday: 9:00 AM – 2:00 AM;Tuesday: 9:00 AM – 2:00 AM;Wednesday: 9:00 AM – 2:00 AM;Thursday: 9:00 AM – 2:00 AM;Friday: 9:00 AM – 2:00 AM;Saturday: 9:00 AM – 2:00 AM;Sunday: 9:00 AM – 2:00 AM,ChIJp37lQQbX2IgRTEF1i_6k928,26.7130759,-80.0529158,4.7,OPERATIONAL
Island Vibes Kava Bar Royal Palm Beach,11150 Okeechobee Blvd # T, Royal Palm Beach, FL 33411, USA,(561) 223-2190,Monday: 8:00 AM – 2:00 AM;Tuesday: 8:00 AM – 2:00 AM;Wednesday: 8:00 AM – 2:00 AM;Thursday: 8:00 AM – 2:00 AM;Friday: 8:00 AM – 2:00 AM;Saturday: 8:00 AM – 2:00 AM;Sunday: 8:00 AM – 2:00 AM,ChIJfyCDxEAv2YgRVl-8BfuqrEA,26.7070553,-80.2189331,4.9,OPERATIONAL
Zen Clarity Kava Bar,2725 N Federal Hwy, Delray Beach, FL 33483, USA,(561) 359-3414,Monday: 7:00 AM – 4:00 AM;Tuesday: 7:00 AM – 4:00 AM;Wednesday: 7:00 AM – 4:00 AM;Thursday: 7:00 AM – 4:00 AM;Friday: 7:00 AM – 4:00 AM;Saturday: 7:00 AM – 4:00 AM;Sunday: 7:00 AM – 4:00 AM,ChIJDxotXaHf2IgRic0GWeq9DE8,26.4905325,-80.0633359,5,OPERATIONAL
Vosamana Kava,11911 US-1 Suite 121, North Palm Beach, FL 33408, USA,(561) 508-3518,Monday: 10:00 AM – 12:00 AM;Tuesday: 10:00 AM – 12:00 AM;Wednesday: 10:00 AM – 12:00 AM;Thursday: 10:00 AM – 12:00 AM;Friday: 10:00 AM – 12:00 AM;Saturday: 10:00 AM – 12:00 AM;Sunday: 10:00 AM – 12:00 AM,ChIJjZja-GLV2IgRyedTxKwJm9E,26.85022919999999,-80.05997459999999,5,OPERATIONAL
Kavasutra Kava Bar - North Palm Beach,450 Northlake Blvd #5, North Palm Beach, FL 33408, USA,(561) 249-1348,Monday: 8:00 AM – 2:00 AM;Tuesday: 8:00 AM – 2:00 AM;Wednesday: 8:00 AM – 2:00 AM;Thursday: 8:00 AM – 2:00 AM;Friday: 8:00 AM – 2:00 AM;Saturday: 8:00 AM – 2:00 AM;Sunday: 8:00 AM – 2:00 AM,ChIJ64Z2aCTV2IgRzbUqDdpMsxU,26.8070087,-80.0610428,4,OPERATIONAL
Island Root Abacoa Kava Bar,1200 Town Center Dr STE 110, Jupiter, FL 33458, USA,(561) 318-6647,Monday: 8:00 AM – 2:00 AM;Tuesday: 8:00 AM – 1:00 AM;Wednesday: 8:00 AM – 2:00 AM;Thursday: 8:00 AM – 2:00 AM;Friday: 8:00 AM – 2:00 AM;Saturday: 8:00 AM – 2:00 AM;Sunday: 8:00 AM – 2:00 AM,ChIJIa8-vYDV3ogRa0Leqyai95s,26.889606,-80.11518439999999,4.5,OPERATIONAL
Mai Kai Kava Bar,17 W University Ave, Gainesville, FL 32601, USA,(352) 554-5858,Monday: 12:00 PM – 12:00 AM;Tuesday: 12:00 PM – 12:00 AM;Wednesday: 12:00 PM – 12:00 AM;Thursday: 12:00 PM – 12:00 AM;Friday: 12:00 PM – 1:00 AM;Saturday: 12:00 PM – 1:00 AM;Sunday: 12:00 PM – 12:00 AM,ChIJKXgG7oyj6IgRTHMW_lmjbHA,29.6517648,-82.3255686,4.8,OPERATIONAL
Kava Gator Coffee Shop,185 E University Ave, Gainesville, FL 32601, USA,(352) 244-9942,Monday: 7:00 AM – 11:00 PM;Tuesday: 7:00 AM – 11:00 PM;Wednesday: 7:00 AM – 11:00 PM;Thursday: 7:00 AM – 11:00 PM;Friday: 7:00 AM – 11:00 PM;Saturday: 7:00 AM – 11:00 PM;Sunday: 7:00 AM – 11:00 PM,ChIJ0VTYWwij6IgR7shea8P7KdQ,29.6517103,-82.3232511,4.7,OPERATIONAL
KAVA LOUNGE,1007 W University Ave, Gainesville, FL 32601, USA,(352) 727-8975,Monday: Closed;Tuesday: Closed;Wednesday: Closed;Thursday: 8:00 PM – 4:00 AM;Friday: 8:00 PM – 4:00 AM;Saturday: 8:00 PM – 4:00 AM;Sunday: 8:00 PM – 4:00 AM,ChIJB8Fol4Wj6IgRznGyODB_g_4,29.651929,-82.335523,4.1,OPERATIONAL
Midtown Kava Lounge,1700 N Monroe St building 19, Tallahassee, FL 32303, USA,(850) 404-2370,Monday: 11:00 AM – 12:00 AM;Tuesday: 11:00 AM – 12:00 AM;Wednesday: 11:00 AM – 12:00 AM;Thursday: 11:00 AM – 12:00 AM;Friday: 11:00 AM – 1:00 AM;Saturday: 11:00 AM – 1:00 AM;Sunday: 11:00 AM – 12:00 AM,ChIJA0xUll717IgRm7Go-TPqdMk,30.46345599999999,-84.28389,4.8,OPERATIONAL
Tallulah Kava Bar | THC Slushies. Nicotine Vape Superstore,3437 Bannerman Rd Suite 104, Tallahassee, FL 32312, USA,(850) 727-5708,Monday: 9:00 AM – 9:00 PM;Tuesday: 9:00 AM – 9:00 PM;Wednesday: 9:00 AM – 9:00 PM;Thursday: 9:00 AM – 9:00 PM;Friday: 9:00 AM – 1:00 AM;Saturday: 9:00 AM – 1:00 AM;Sunday: 9:00 AM – 9:00 PM,ChIJKygmOvRZ7IgRjkZx2syf4BY,30.5630109,-84.2201812,4.9,OPERATIONAL
Kameleon Kava & Coffee,626-4 Railroad Sq, Tallahassee, FL 32310, USA,N/A,Monday: 10:00 AM – 12:00 AM;Tuesday: 10:00 AM – 12:00 AM;Wednesday: 10:00 AM – 12:00 AM;Thursday: 10:00 AM – 12:00 AM;Friday: 10:00 AM – 12:00 AM;Saturday: 10:00 AM – 12:00 AM;Sunday: 10:00 AM – 12:00 AM,ChIJXSB-mCf17IgR0NVBtLh4s_w,30.4329066,-84.29343639999999,4.8,OPERATIONAL
Kavakaze,4957, 1600 W Call St #112, Tallahassee, FL 32304, USA,(850) 565-9955,Monday: 8:00 AM – 1:00 AM;Tuesday: 8:00 AM – 1:00 AM;Wednesday: 8:00 AM – 2:00 AM;Thursday: 8:00 AM – 2:00 AM;Friday: 8:00 AM – 2:00 AM;Saturday: 8:00 AM – 2:00 AM;Sunday: 8:00 AM – 1:00 AM,ChIJ49WC5wD17IgRKmkYUrJ3aLs,30.4474255,-84.30805149999999,4.6,OPERATIONAL
KAVA BAR,Tallahassee, FL 32303, USA,N/A,,ChIJm-dRWIT17IgRWj5geRFH1yM,30.4565206,-84.2777765,5,OPERATIONAL
Pacific Kava & Coffee Bar,415 W Belmont St, Pensacola, FL 32501, USA,(850) 741-3315,Monday: Closed;Tuesday: 8:30 AM – 8:30 PM;Wednesday: 8:30 AM – 8:30 PM;Thursday: 8:30 AM – 8:30 PM;Friday: 8:30 AM – 8:30 PM;Saturday: 9:00 AM – 9:00 PM;Sunday: 9:00 AM – 9:00 PM,ChIJVTIQodi_kIgRbnRUdOTOv4Y,30.4164015,-87.22211589999999,5,OPERATIONAL
Pacific Kava Bar,6301 N 9th Ave Unit 2, Pensacola, FL 32504, USA,(850) 529-9491,Monday: 9:30 AM – 10:00 PM;Tuesday: 9:30 AM – 10:00 PM;Wednesday: 9:30 AM – 10:00 PM;Thursday: 9:30 AM – 10:00 PM;Friday: 9:30 AM – 11:00 PM;Saturday: 9:30 AM – 11:00 PM;Sunday: 11:00 AM – 9:00 PM,ChIJKYCz4YLBkIgR3AH_a3p9y78,30.4888935,-87.1978446,4.8,OPERATIONAL